Port Name,State,Port Code,Border,Date,Measure,Value,Location
port,state,code,New Border,05/01/2019 12:00:00 AM,New Measure,3,POINT (-72.09944 45.005)
port,state,code,New Border,04/01/2019 12:00:00 AM,New Measure,2,POINT (-72.09944 45.005)
port,state,code,New Border,03/01/2019 12:00:00 AM,New Measure,1,POINT (-72.09944 45.005)
Derby Line,Vermont,209,US-Canada Border,03/01/2019 12:00:00 AM,Truck Containers Full,6483,POINT (-72.09944 45.005)
Norton,Vermont,211,US-Canada Border,03/01/2019 12:00:00 AM,Trains,19,POINT (-71.79528000000002 45.01)
Calexico,California,2503,US-Mexico Border,03/01/2019 12:00:00 AM,Pedestrians,346158,POINT (-115.49806000000001 32.67889)
Hidalgo,Texas,2305,US-Mexico Border,02/01/2019 12:00:00 AM,Pedestrians,156891,POINT (-98.26278 26.1)
Frontier,Washington,3020,US-Canada Border,02/01/2019 12:00:00 AM,Truck Containers Empty,1319,POINT (-117.78134000000001 48.910160000000005)
Presidio,Texas,2403,US-Mexico Border,02/01/2019 12:00:00 AM,Pedestrians,15272,POINT (-104.37167 29.56056)
Eagle Pass,Texas,2303,US-Mexico Border,01/01/2019 12:00:00 AM,Pedestrians,56810,POINT (-100.49917 28.70889)
